function_items	reactome_glycogen_breakdown_glycogenolysis
function_items	reactome_translation
function_items	reactome_pyrimidine_catabolism
function_items	reactome_inhibition_of_the_proteolytic_activity_of_apc_c_required_for_the_onset_of_anaphase_by_mitotic_spindle_checkpoint_components
function_items	reactome_pyruvate_metabolism_and_citric_acid_tca_cycle
function_items	reactome_apoptotic_cleavage_of_cellular_proteins
function_items	reactome_activation_of_the_pre_replicative_complex
function_items	reactome_processing_of_intronless_pre_mrnas
function_items	reactome_gap_junction_degradation
function_items	reactome_base_excision_repair
function_items	reactome_bile_acid_and_bile_salt_metabolism
function_items	reactome_synthesis_of_bile_acids_and_bile_salts_via_7alpha_hydroxycholesterol
function_items	reactome_recycling_of_bile_acids_and_salts
function_items	reactome_signaling_by_rho_gtpases
function_items	reactome_signaling_by_wnt
function_items	reactome_metabolism_of_non_coding_rna
function_items	reactome_synthesis_of_bile_acids_and_bile_salts_via_24_hydroxycholesterol
function_items	reactome_synthesis_of_bile_acids_and_bile_salts
function_items	reactome_androgen_biosynthesis
function_items	reactome_insulin_receptor_recycling
function_items	reactome_nef_mediated_downregulation_of_mhc_class_i_complex_cell_surface_expression
function_items	reactome_signaling_by_scf_kit
function_items	reactome_developmental_biology
function_items	reactome_cross_presentation_of_soluble_exogenous_antigens_endosomes
function_items	reactome_signaling_by_nodal
function_items	reactome_dag_and_ip3_signaling
function_items	reactome_spry_regulation_of_fgf_signaling
function_items	reactome_antigen_processing_cross_presentation
function_items	reactome_growth_hormone_receptor_signaling
function_items	reactome_cell_cell_communication
function_items	reactome_endosomal_vacuolar_pathway
function_items	reactome_tetrahydrobiopterin_bh4_synthesis_recycling_salvage_and_regulation
function_items	reactome_meiosis
function_items	reactome_g0_and_early_g1
function_items	reactome_regulation_of_kit_signaling
function_items	reactome_nef_mediates_down_modulation_of_cell_surface_receptors_by_recruiting_them_to_clathrin_adapters
function_items	reactome_immunoregulatory_interactions_between_a_lymphoid_and_a_non_lymphoid_cell
function_items	reactome_vitamin_b5_pantothenate_metabolism
function_items	reactome_metabolism_of_vitamins_and_cofactors
function_items	reactome_trans_golgi_network_vesicle_budding
function_items	reactome_resolution_of_ap_sites_via_the_multiple_nucleotide_patch_replacement_pathway
function_items	reactome_gamma_carboxylation_transport_and_amino_terminal_cleavage_of_proteins
function_items	reactome_cell_cycle
function_items	reactome_signaling_by_erbb4
function_items	reactome_orc1_removal_from_chromatin
function_items	reactome_o_linked_glycosylation_of_mucins
function_items	reactome_sulfur_amino_acid_metabolism
function_items	reactome_antiviral_mechanism_by_ifn_stimulated_genes
function_items	reactome_prolactin_receptor_signaling
function_items	reactome_signaling_by_erbb2
function_items	reactome_sphingolipid_de_novo_biosynthesis
function_items	reactome_termination_of_o_glycan_biosynthesis
function_items	reactome_defensins
function_items	reactome_grb2_events_in_erbb2_signaling
function_items	reactome_signaling_by_egfr_in_cancer
function_items	reactome_beta_defensins
function_items	reactome_srp_dependent_cotranslational_protein_targeting_to_membrane
function_items	reactome_pi3k_events_in_erbb4_signaling
function_items	reactome_shc1_events_in_erbb4_signaling
function_items	reactome_pi3k_events_in_erbb2_signaling
function_items	reactome_nuclear_signaling_by_erbb4
function_items	reactome_glycosphingolipid_metabolism
function_items	reactome_degradation_of_the_extracellular_matrix
function_items	reactome_mitochondrial_protein_import
function_items	reactome_signaling_by_hippo
function_items	reactome_activated_notch1_transmits_signal_to_the_nucleus
function_items	reactome_trafficking_and_processing_of_endosomal_tlr
function_items	reactome_signaling_by_notch4
function_items	reactome_downstream_signaling_events_of_b_cell_receptor_bcr
function_items	reactome_activation_of_nf_kappab_in_b_cells
function_items	reactome_yap1_and_wwtr1_taz_stimulated_gene_expression
function_items	reactome_signaling_by_notch2
function_items	reactome_pre_notch_expression_and_processing
function_items	reactome_signaling_by_the_b_cell_receptor_bcr
function_items	reactome_extracellular_matrix_organization
function_items	reactome_notch1_intracellular_domain_regulates_transcription
function_items	reactome_pre_notch_processing_in_golgi
function_items	reactome_signaling_by_notch1
function_items	reactome_signaling_by_notch3
function_items	reactome_triglyceride_biosynthesis
function_items	reactome_insulin_receptor_signalling_cascade
function_items	reactome_arms_mediated_activation
function_items	reactome_prolonged_erk_activation_events
function_items	reactome_signalling_to_ras
function_items	reactome_signaling_by_bmp
function_items	reactome_cell_surface_interactions_at_the_vascular_wall
function_items	reactome_signalling_to_erks
function_items	reactome_p38mapk_events
function_items	reactome_acyl_chain_remodelling_of_pi
function_items	reactome_tgf_beta_receptor_signaling_in_emt_epithelial_to_mesenchymal_transition
function_items	reactome_downregulation_of_tgf_beta_receptor_signaling
function_items	reactome_collagen_formation
function_items	reactome_signaling_by_fgfr_in_disease
function_items	reactome_hs_gag_degradation
function_items	reactome_synthesis_of_pips_at_the_early_endosome_membrane
function_items	reactome_signalling_to_p38_via_rit_and_rin
function_items	reactome_acyl_chain_remodelling_of_pc
function_items	reactome_synthesis_of_pips_at_the_golgi_membrane
function_items	reactome_tgf_beta_receptor_signaling_activates_smads
function_items	reactome_phospholipid_metabolism
function_items	reactome_cs_ds_degradation
function_items	reactome_synthesis_of_pa
function_items	reactome_synthesis_of_pips_at_the_late_endosome_membrane
function_items	reactome_synthesis_of_pe
function_items	reactome_gastrin_creb_signalling_pathway_via_pkc_and_mapk
function_items	reactome_chondroitin_sulfate_biosynthesis
function_items	reactome_hyaluronan_uptake_and_degradation
function_items	reactome_synthesis_of_pips_at_the_plasma_membrane
function_items	reactome_the_activation_of_arylsulfatases
function_items	reactome_hyaluronan_metabolism
function_items	reactome_keratan_sulfate_biosynthesis
function_items	reactome_reversible_hydration_of_carbon_dioxide
function_items	reactome_pi_metabolism
function_items	reactome_abacavir_transport_and_metabolism
function_items	reactome_chondroitin_sulfate_dermatan_sulfate_metabolism
function_items	reactome_synthesis_of_pc
function_items	reactome_hs_gag_biosynthesis
function_items	reactome_keratan_sulfate_keratin_metabolism
function_items	reactome_apoptosis_induced_dna_fragmentation
function_items	reactome_keratan_sulfate_degradation
function_items	reactome_heparan_sulfate_heparin_hs_gag_metabolism
function_items	reactome_glycosaminoglycan_metabolism
function_items	reactome_acyl_chain_remodelling_of_pg
function_items	reactome_acyl_chain_remodelling_of_pe
function_items	reactome_acyl_chain_remodelling_of_ps
function_items	reactome_mhc_class_ii_antigen_presentation
function_items	reactome_glycerophospholipid_biosynthesis
function_items	reactome_a_tetrasaccharide_linker_sequence_is_required_for_gag_synthesis
function_items	reactome_cdk_mediated_phosphorylation_and_removal_of_cdc6
function_items	reactome_platelet_adhesion_to_exposed_collagen
function_items	reactome_vegf_ligand_receptor_interactions
function_items	reactome_microrna_mirna_biogenesis
function_items	reactome_nuclear_events_kinase_and_transcription_factor_activation
function_items	reactome_retrograde_neurotrophin_signalling
function_items	reactome_erks_are_inactivated
function_items	reactome_negative_regulation_of_the_pi3k_akt_network
function_items	reactome_pi3k_akt_activation
function_items	reactome_egfr_downregulation
function_items	reactome_processing_of_capped_intron_containing_pre_mrna
function_items	reactome_pecam1_interactions
function_items	reactome_tcr_signaling
function_items	reactome_regulation_of_pyruvate_dehydrogenase_pdh_complex
function_items	reactome_downstream_tcr_signaling
function_items	reactome_basigin_interactions
function_items	reactome_akt_phosphorylates_targets_in_the_cytosol
function_items	reactome_gab1_signalosome
function_items	reactome_shc1_events_in_egfr_signaling
function_items	reactome_activation_of_the_mrna_upon_binding_of_the_cap_binding_complex_and_eifs_and_subsequent_binding_to_43s
function_items	reactome_phosphorylation_of_cd3_and_tcr_zeta_chains
function_items	reactome_glutamate_neurotransmitter_release_cycle
function_items	reactome_translocation_of_zap_70_to_immunological_synapse
function_items	reactome_tie2_signaling
function_items	reactome_generation_of_second_messenger_molecules
function_items	reactome_generic_transcription_pathway
function_items	reactome_transport_of_mature_transcript_to_cytoplasm
function_items	reactome_metabolism_of_amino_acids_and_derivatives
function_items	reactome_fatty_acyl_coa_biosynthesis
function_items	reactome_e2f_enabled_inhibition_of_pre_replication_complex_formation
function_items	reactome_p75ntr_recruits_signalling_complexes
function_items	reactome_biological_oxidations
function_items	reactome_regulated_proteolysis_of_p75ntr
function_items	reactome_transmission_across_chemical_synapses
function_items	reactome_caspase_mediated_cleavage_of_cytoskeletal_proteins
function_items	reactome_xenobiotics
function_items	reactome_integrin_cell_surface_interactions
function_items	reactome_cytochrome_p450_arranged_by_substrate_type
function_items	reactome_apoptotic_cleavage_of_cell_adhesion_proteins
function_items	reactome_nrage_signals_death_through_jnk
function_items	reactome_slbp_dependent_processing_of_replication_dependent_histone_pre_mrnas
function_items	reactome_nrif_signals_cell_death_from_the_nucleus
function_items	reactome_regulation_of_apoptosis
function_items	reactome_neuronal_system
function_items	reactome_regulation_of_beta_cell_development
function_items	reactome_cell_death_signalling_via_nrage_nrif_and_nade
function_items	reactome_neurotransmitter_release_cycle
function_items	reactome_p75_ntr_receptor_mediated_signalling
function_items	reactome_amino_acid_transport_across_the_plasma_membrane
function_items	reactome_endogenous_sterols
function_items	reactome_regulation_of_gene_expression_in_beta_cells
function_items	reactome_glycolysis
function_items	reactome_processive_synthesis_on_the_lagging_strand
function_items	reactome_mrna_capping
function_items	reactome_mitochondrial_fatty_acid_beta_oxidation
function_items	reactome_signaling_by_gpcr
function_items	reactome_peptide_ligand_binding_receptors
function_items	reactome_metabolism_of_polyamines
function_items	reactome_notch_hlh_transcription_pathway
function_items	reactome_integration_of_energy_metabolism
function_items	reactome_cell_cycle_mitotic
function_items	reactome_gluconeogenesis
function_items	reactome_dopamine_neurotransmitter_release_cycle
function_items	reactome_opioid_signalling
function_items	reactome_mitochondrial_trna_aminoacylation
function_items	reactome_cytosolic_trna_aminoacylation
function_items	reactome_ca_dependent_events
function_items	reactome_acetylcholine_neurotransmitter_release_cycle
function_items	reactome_adenylate_cyclase_activating_pathway
function_items	reactome_adenylate_cyclase_inhibitory_pathway
function_items	reactome_darpp_32_events
function_items	reactome_chemokine_receptors_bind_chemokines
function_items	reactome_cell_cycle_checkpoints
function_items	reactome_p130cas_linkage_to_mapk_signaling_for_integrins
function_items	reactome_norepinephrine_neurotransmitter_release_cycle
function_items	reactome_peptide_hormone_biosynthesis
function_items	reactome_g_protein_activation
function_items	reactome_acetylcholine_binding_and_downstream_events
function_items	reactome_abc_family_proteins_mediated_transport
function_items	reactome_trna_aminoacylation
function_items	reactome_olfactory_signaling_pathway
function_items	reactome_pka_mediated_phosphorylation_of_creb
function_items	reactome_recruitment_of_numa_to_mitotic_centrosomes
function_items	reactome_nuclear_receptor_transcription_pathway
function_items	reactome_g1_phase
function_items	reactome_glucagon_signaling_in_metabolic_regulation
function_items	reactome_signaling_by_pdgf
function_items	reactome_association_of_tric_cct_with_target_proteins_during_biosynthesis
function_items	reactome_prefoldin_mediated_transfer_of_substrate_to_cct_tric
function_items	reactome_hormone_ligand_binding_receptors
function_items	reactome_gpvi_mediated_activation_cascade
function_items	reactome_protein_folding
function_items	reactome_formation_of_tubulin_folding_intermediates_by_cct_tric
function_items	reactome_peroxisomal_lipid_metabolism
function_items	reactome_post_chaperonin_tubulin_folding_pathway
function_items	reactome_striated_muscle_contraction
function_items	reactome_metabolism_of_nucleotides
function_items	reactome_amine_ligand_binding_receptors
function_items	reactome_downstream_signal_transduction
function_items	reactome_muscle_contraction
function_items	reactome_serotonin_receptors
function_items	reactome_mrna_splicing
function_items	reactome_mrna_splicing_minor_pathway
function_items	reactome_processing_of_capped_intronless_pre_mrna
function_items	reactome_purine_ribonucleoside_monophosphate_biosynthesis
function_items	reactome_citric_acid_cycle_tca_cycle
function_items	reactome_nucleotide_excision_repair
function_items	reactome_axon_guidance
function_items	reactome_g_alpha_q_signalling_events
function_items	reactome_p2y_receptors
function_items	reactome_ncam1_interactions
function_items	reactome_class_c_3_metabotropic_glutamate_pheromone_receptors
function_items	reactome_regulation_of_insulin_secretion
function_items	reactome_ncam_signaling_for_neurite_out_growth
function_items	reactome_nucleotide_like_purinergic_receptors
function_items	reactome_eicosanoid_ligand_binding_receptors
function_items	reactome_class_b_2_secretin_family_receptors
function_items	reactome_glucagon_type_ligand_receptors
function_items	reactome_fanconi_anemia_pathway
function_items	reactome_trafficking_of_glur2_containing_ampa_receptors
function_items	reactome_prostanoid_ligand_receptors
function_items	reactome_opsins
function_items	reactome_slc_mediated_transmembrane_transport
function_items	reactome_cd28_co_stimulation
function_items	reactome_synthesis_secretion_and_deacylation_of_ghrelin
function_items	reactome_adherens_junctions_interactions
function_items	reactome_crmps_in_sema3a_signaling
function_items	reactome_other_semaphorin_interactions
function_items	reactome_purine_salvage
function_items	reactome_g_alpha_i_signalling_events
function_items	reactome_sema3a_pak_dependent_axon_repulsion
function_items	reactome_cd28_dependent_vav1_pathway
function_items	reactome_sema4d_in_semaphorin_signaling
function_items	reactome_semaphorin_interactions
function_items	reactome_sema4d_induced_cell_migration_and_growth_cone_collapse
function_items	reactome_sema3a_plexin_repulsion_signaling_by_inhibiting_integrin_adhesion
function_items	reactome_lysosome_vesicle_biogenesis
function_items	reactome_sphingolipid_metabolism
function_items	reactome_g_alpha_s_signalling_events
function_items	reactome_cell_cell_junction_organization
function_items	reactome_g_alpha_z_signalling_events
function_items	reactome_costimulation_by_the_cd28_family
function_items	reactome_cd28_dependent_pi3k_akt_signaling
function_items	reactome_tight_junction_interactions
function_items	reactome_transport_of_inorganic_cations_anions_and_amino_acids_oligopeptides
function_items	reactome_golgi_associated_vesicle_biogenesis
function_items	reactome_ctla4_inhibitory_signaling
function_items	reactome_branched_chain_amino_acid_catabolism
function_items	reactome_formation_of_fibrin_clot_clotting_cascade
function_items	reactome_deadenylation_of_mrna
function_items	reactome_mrna_decay_by_5_to_3_exoribonuclease
function_items	reactome_signal_amplification
function_items	reactome_zinc_transporters
function_items	reactome_metal_ion_slc_transporters
function_items	reactome_smooth_muscle_contraction
function_items	reactome_mrna_decay_by_3_to_5_exoribonuclease
function_items	reactome_deadenylation_dependent_mrna_decay
function_items	reactome_thromboxane_signalling_through_tp_receptor
function_items	reactome_cell_extracellular_matrix_interactions
function_items	reactome_cell_junction_organization
function_items	reactome_pyruvate_metabolism
function_items	reactome_purine_catabolism
function_items	reactome_metabolism_of_rna
function_items	reactome_mitotic_g1_g1_s_phases
function_items	reactome_regulation_of_mitotic_cell_cycle
function_items	reactome_tak1_activates_nfkb_by_phosphorylation_and_activation_of_ikks_complex
function_items	reactome_myogenesis
function_items	reactome_activation_of_kainate_receptors_upon_glutamate_binding
function_items	reactome_ionotropic_activity_of_kainate_receptors
function_items	reactome_mapk_targets_nuclear_events_mediated_by_map_kinases
function_items	reactome_gpcr_ligand_binding
function_items	reactome_jnk_c_jun_kinases_phosphorylation_and_activation_mediated_by_activated_human_tak1
function_items	reactome_thrombin_signalling_through_proteinase_activated_receptors_pars
function_items	reactome_energy_dependent_regulation_of_mtor_by_lkb1_ampk
function_items	reactome_mitotic_g2_g2_m_phases
function_items	reactome_activated_tak1_mediates_p38_mapk_activation
function_items	reactome_dna_repair
function_items	reactome_effects_of_pip2_hydrolysis
function_items	reactome_post_translational_protein_modification
function_items	reactome_chromosome_maintenance
function_items	reactome_l1cam_interactions
function_items	reactome_interaction_between_l1_and_ankyrins
function_items	reactome_signal_transduction_by_l1
function_items	reactome_transport_of_vitamins_nucleosides_and_related_molecules
function_items	reactome_highly_calcium_permeable_postsynaptic_nicotinic_acetylcholine_receptors
function_items	reactome_organic_cation_anion_zwitterion_transport
function_items	reactome_dcc_mediated_attractive_signaling
function_items	reactome_recycling_pathway_of_l1
function_items	reactome_synthesis_of_substrates_in_n_glycan_biosythesis
function_items	reactome_respiratory_electron_transport
function_items	reactome_asparagine_n_linked_glycosylation
function_items	reactome_assembly_of_the_pre_replicative_complex
function_items	reactome_biosynthesis_of_the_n_glycan_precursor_dolichol_lipid_linked_oligosaccharide_llo_and_transfer_to_a_nascent_protein
function_items	reactome_cgmp_effects
function_items	reactome_regulation_of_signaling_by_cbl
function_items	reactome_calnexin_calreticulin_cycle
function_items	reactome_passive_transport_by_aquaporins
function_items	reactome_nitric_oxide_stimulates_guanylate_cyclase
function_items	reactome_platelet_homeostasis
function_items	reactome_n_glycan_trimming_in_the_er_and_calnexin_calreticulin_cycle
function_items	reactome_platelet_sensitization_by_ldl
function_items	reactome_aquaporin_mediated_transport
function_items	reactome_rap1_signalling
function_items	reactome_platelet_calcium_homeostasis
function_items	reactome_prostacyclin_signalling_through_prostacyclin_receptor
function_items	reactome_gaba_synthesis_release_reuptake_and_degradation
function_items	reactome_incretin_synthesis_secretion_and_inactivation
function_items	reactome_transport_of_organic_anions
function_items	reactome_irak1_recruits_ikk_complex
function_items	reactome_traf6_mediated_irf7_activation
function_items	reactome_circadian_clock
function_items	reactome_factors_involved_in_megakaryocyte_development_and_platelet_production
function_items	reactome_regulation_of_ifng_signaling
function_items	reactome_regulation_of_mrna_stability_by_proteins_that_bind_au_rich_elements
function_items	reactome_traf3_dependent_irf_activation_pathway
function_items	reactome_gaba_b_receptor_activation
function_items	reactome_transport_to_the_golgi_and_subsequent_modification
function_items	reactome_iron_uptake_and_transport
function_items	reactome_interferon_gamma_signaling
function_items	reactome_n_glycan_antennae_elongation
function_items	reactome_traf6_mediated_irf7_activation_in_tlr7_8_or_9_signaling
function_items	reactome_activation_of_irf3_irf7_mediated_by_tbk1_ikk_epsilon
function_items	reactome_ion_transport_by_p_type_atpases
function_items	reactome_interferon_alpha_beta_signaling
function_items	reactome_advanced_glycosylation_endproduct_receptor_signaling
function_items	reactome_gaba_receptor_activation
function_items	reactome_kinesins
function_items	reactome_n_glycan_antennae_elongation_in_the_medial_trans_golgi
function_items	reactome_regulation_of_ifna_signaling
function_items	reactome_interferon_signaling
function_items	reactome_transferrin_endocytosis_and_recycling
function_items	reactome_dscam_interactions
function_items	reactome_ion_channel_transport
function_items	reactome_ikk_complex_recruitment_mediated_by_rip1
function_items	reactome_formation_of_incision_complex_in_gg_ner
function_items	reactome_transcriptional_regulation_of_white_adipocyte_differentiation
function_items	reactome_endosomal_sorting_complex_required_for_transport_escrt
function_items	reactome_meiotic_recombination
function_items	reactome_platelet_aggregation_plug_formation
function_items	reactome_signaling_by_notch
function_items	reactome_lagging_strand_synthesis
function_items	reactome_inhibition_of_replication_initiation_of_damaged_dna_by_rb1_e2f1
function_items	reactome_ethanol_oxidation
function_items	reactome_synthesis_of_very_long_chain_fatty_acyl_coas
function_items	reactome_dna_replication
function_items	reactome_e2f_mediated_regulation_of_dna_replication
function_items	reactome_metabolism_of_carbohydrates
function_items	reactome_signaling_by_insulin_receptor
function_items	reactome_signal_attenuation
function_items	reactome_sos_mediated_signalling
function_items	reactome_hemostasis
function_items	reactome_hiv_infection
function_items	reactome_hiv_life_cycle
function_items	reactome_early_phase_of_hiv_life_cycle
function_items	reactome_host_interactions_of_hiv_factors
function_items	reactome_viral_messenger_rna_synthesis
function_items	reactome_interactions_of_vpr_with_host_cellular_proteins
function_items	reactome_formation_of_atp_by_chemiosmotic_coupling
function_items	reactome_activation_of_atr_in_response_to_replication_stress
function_items	reactome_unwinding_of_dna
function_items	reactome_glucuronidation
function_items	reactome_innate_immune_system
function_items	reactome_mitotic_prometaphase
function_items	reactome_g1_s_specific_transcription
function_items	reactome_signaling_by_tgf_beta_receptor_complex
function_items	reactome_phosphorylation_of_the_apc_c
function_items	reactome_cytosolic_sulfonation_of_small_molecules
function_items	reactome_integration_of_provirus
function_items	reactome_glutathione_conjugation
function_items	reactome_complement_cascade
function_items	reactome_mtorc1_mediated_signalling
function_items	reactome_activation_of_bh3_only_proteins
function_items	reactome_glucose_metabolism
function_items	reactome_voltage_gated_potassium_channels
function_items	reactome_adaptive_immune_system
function_items	reactome_nod1_2_signaling_pathway
function_items	reactome_cytokine_signaling_in_immune_system
function_items	reactome_meiotic_synapsis
function_items	reactome_the_nlrp3_inflammasome
function_items	reactome_class_i_mhc_mediated_antigen_processing_presentation
function_items	reactome_tandem_pore_domain_potassium_channels
function_items	reactome_inflammasomes
function_items	reactome_potassium_channels
function_items	reactome_nucleotide_binding_domain_leucine_rich_repeat_containing_receptor_nlr_signaling_pathways
function_items	reactome_telomere_maintenance
function_items	reactome_platelet_activation_signaling_and_aggregation
function_items	reactome_creation_of_c4_and_c2_activators
function_items	reactome_apc_cdc20_mediated_degradation_of_nek2a
function_items	reactome_initial_triggering_of_complement
function_items	reactome_extension_of_telomeres
function_items	reactome_g2_m_checkpoints
function_items	reactome_g2_m_dna_damage_checkpoint
function_items	reactome_s_phase
function_items	reactome_tryptophan_catabolism
function_items	reactome_dna_strand_elongation
function_items	reactome_cholesterol_biosynthesis
function_items	reactome_fgfr2c_ligand_binding_and_activation
function_items	reactome_metabolism_of_porphyrins
function_items	reactome_vif_mediated_degradation_of_apobec3g
function_items	reactome_signaling_by_fgfr
function_items	reactome_digestion_of_dietary_carbohydrate
function_items	reactome_fgfr1_ligand_binding_and_activation
function_items	reactome_gap_junction_assembly
function_items	reactome_synthesis_of_glycosylphosphatidylinositol_gpi
function_items	reactome_intrinsic_pathway_for_apoptosis
function_items	reactome_apoptotic_execution_phase
function_items	reactome_interleukin_6_signaling
function_items	reactome_mapk3_erk1_activation
function_items	reactome_translesion_synthesis_by_y_family_dna_polymerases_bypasses_lesions_on_dna_template
function_items	reactome_recognition_of_dna_damage_by_pcna_containing_replication_complex
function_items	reactome_translesion_synthesis_by_polh
function_items	reactome_displacement_of_dna_glycosylase_by_apex1
function_items	reactome_polb_dependent_long_patch_base_excision_repair
function_items	reactome_activation_of_bad_and_translocation_to_mitochondria
function_items	reactome_activation_of_noxa_and_translocation_to_mitochondria
function_items	reactome_bh3_only_proteins_associate_with_and_inactivate_anti_apoptotic_bcl_2_members
function_items	reactome_release_of_apoptotic_factors_from_the_mitochondria
function_items	reactome_activation_of_caspases_through_apoptosome_mediated_cleavage
function_items	reactome_cytochrome_c_mediated_apoptotic_response
function_items	reactome_smac_xiap_regulated_apoptotic_response
function_items	reactome_apoptotic_factor_mediated_response
function_items	reactome_camk_iv_mediated_phosphorylation_of_creb
function_items	reactome_g_protein_mediated_events
function_items	reactome_transmission_across_electrical_synapses
function_items	reactome_presynaptic_depolarization_and_calcium_channel_opening
function_items	reactome_neurotransmitter_clearance
function_items	reactome_neurotransmitter_receptors_and_postsynaptic_signal_transmission
function_items	reactome_irs_mediated_signalling
function_items	reactome_raf_independent_mapk1_3_activation
function_items	reactome_mapk1_erk2_activation
function_items	reactome_formation_of_the_early_elongation_complex
function_items	reactome_disinhibition_of_snare_formation
function_items	reactome_activation_of_ras_in_b_cells
function_items	reactome_fertilization
function_items	reactome_ros_and_rns_production_in_phagocytes
function_items	reactome_regulation_of_gene_expression_by_hypoxia_inducible_factor
function_items	reactome_cellular_response_to_hypoxia
function_items	reactome_cross_presentation_of_particulate_exogenous_antigens_phagosomes
function_items	reactome_methionine_salvage_pathway
function_items	reactome_erythrocytes_take_up_oxygen_and_release_carbon_dioxide
function_items	reactome_shc1_events_in_erbb2_signaling
function_items	reactome_downregulation_of_erbb4_signaling
function_items	reactome_interleukin_7_signaling
function_items	reactome_ca2plus_activated_kplus_channels
function_items	reactome_g_protein_gated_potassium_channels
function_items	reactome_inwardly_rectifying_kplus_channels
function_items	reactome_sperm_motility_and_taxes
function_items	reactome_acrosome_reaction_and_sperm:oocyte_membrane_binding
function_items	reactome_grb7_events_in_erbb2_signaling
function_items	reactome_downregulation_of_erbb2:erbb3_signaling
function_items	reactome_transcription_of_e2f_targets_under_negative_control_by_dream_complex
function_items	reactome_transcription_of_e2f_targets_under_negative_control_by_p107_rbl1_and_p130_rbl2_in_complex_with_hdac1
function_items	reactome_mitochondrial_iron_sulfur_cluster_biogenesis
function_items	reactome_rora_activates_gene_expression
function_items	reactome_bmal1:clock_npas2_activates_circadian_gene_expression
function_items	reactome_abc_transporters_in_lipid_homeostasis
function_items	reactome_elevation_of_cytosolic_ca2plus_levels
function_items	reactome_activation_of_puma_and_translocation_to_mitochondria
function_items	reactome_caspase_activation_via_death_receptors_in_the_presence_of_ligand
function_items	reactome_extrinsic_pathway_of_fibrin_clot_formation
function_items	reactome_intrinsic_pathway_of_fibrin_clot_formation
function_items	reactome_common_pathway_of_fibrin_clot_formation
function_items	reactome_the_citric_acid_tca_cycle_and_respiratory_electron_transport
function_items	reactome_regulation_of_signaling_by_nodal
function_items	reactome_collagen_degradation
function_items	reactome_translocation_of_slc2a4_glut4_to_the_plasma_membrane
function_items	reactome_alpha_defensins
function_items	reactome_reproduction
function_items	reactome_o2_co2_exchange_in_erythrocytes
function_items	reactome_acyl_chain_remodeling_of_cl
function_items	reactome_acyl_chain_remodeling_of_dag_and_tag
function_items	reactome_hydrolysis_of_lpc
function_items	reactome_synthesis_of_pg
function_items	reactome_synthesis_of_pi
function_items	reactome_synthesis_of_pips_at_the_er_membrane
function_items	reactome_inositol_phosphate_metabolism
function_items	reactome_signaling_by_activin
function_items	reactome_phase_ii_conjugation_of_compounds
function_items	reactome_methylation
function_items	reactome_amino_acid_conjugation
function_items	reactome_elastic_fibre_formation
function_items	reactome_fibronectin_matrix_formation
function_items	reactome_polo_like_kinase_mediated_events
function_items	reactome_gap_junction_trafficking_and_regulation
function_items	reactome_mitochondrial_biogenesis
function_items	reactome_transport_of_the_slbp_dependant_mature_mrna
function_items	reactome_transport_of_mature_mrnas_derived_from_intronless_transcripts
function_items	reactome_activation_of_matrix_metalloproteinases
function_items	reactome_removal_of_aminoterminal_propeptides_from_gamma_carboxylated_proteins
function_items	reactome_zbp1_dai_mediated_induction_of_type_i_ifns
function_items	reactome_irf3_mediated_activation_of_type_1_ifn
function_items	reactome_sulfide_oxidation_to_sulfate
function_items	reactome_degradation_of_cysteine_and_homocysteine
function_items	reactome_budding_and_maturation_of_hiv_virion
function_items	reactome_golgi_cisternae_pericentriolar_stack_reorganization
function_items	reactome_attachment_of_gpi_anchor_to_upar
function_items	reactome_post_translational_modification:_synthesis_of_gpi_anchored_proteins
function_items	reactome_respiratory_electron_transport_atp_synthesis_by_chemiosmotic_coupling_and_heat_production_by_uncoupling_proteins
function_items	reactome_macroautophagy
function_items	reactome_pka_mediated_phosphorylation_of_key_metabolic_factors
function_items	reactome_triglyceride_catabolism
function_items	reactome_ampk_inhibits_chrebp_transcriptional_activation_activity
function_items	reactome_chrebp_activates_metabolic_gene_expression
function_items	reactome_pp2a_mediated_dephosphorylation_of_key_metabolic_factors
function_items	reactome_gamma_carboxylation_hypusine_formation_and_arylsulfatase_activation
function_items	reactome_disease
function_items	reactome_pka_activation_in_glucagon_signalling
function_items	reactome_2_ltr_circle_formation
function_items	reactome_nef_and_signal_transduction
function_items	reactome_the_role_of_nef_in_hiv_1_replication_and_disease_pathogenesis
function_items	reactome_collagen_biosynthesis_and_modifying_enzymes
function_items	reactome_mtor_signalling
function_items	reactome_regulation_of_cholesterol_biosynthesis_by_srebp_srebf
function_items	reactome_toll_like_receptor_4_tlr4_cascade
function_items	reactome_mitochondrial_uncoupling_proteins
function_items	reactome_signaling_by_ntrks
function_items	reactome_lectin_pathway_of_complement_activation
function_items	reactome_terminal_pathway_of_complement
function_items	reactome_formation_of_hiv_elongation_complex_in_the_absence_of_hiv_tat
function_items	reactome_transcription_of_the_hiv_genome
function_items	reactome_abortive_elongation_of_hiv_1_transcript_in_the_absence_of_tat
function_items	reactome_hiv_elongation_arrest_and_recovery
function_items	reactome_nef_mediated_cd4_down_regulation
function_items	reactome_toll_like_receptor_9_tlr9_cascade
function_items	reactome_toll_like_receptor_tlr1:tlr2_cascade
function_items	reactome_host_interactions_with_influenza_factors
function_items	reactome_influenza_infection
function_items	reactome_export_of_viral_ribonucleoproteins_from_nucleus
function_items	reactome_neurotoxicity_of_clostridium_toxins
function_items	reactome_toll_like_receptor_cascades
function_items	reactome_ticam1_rip1_mediated_ikk_complex_recruitment
function_items	reactome_ddx58_ifih1_mediated_induction_of_interferon_alpha_beta
function_items	reactome_frs2_mediated_activation
function_items	reactome_telomere_extension_by_telomerase
function_items	reactome_alternative_complement_activation
function_items	reactome_apc_c:cdc20_mediated_degradation_of_cyclin_b
function_items	reactome_apc_c:cdh1_mediated_degradation_of_cdc20_and_other_apc_c:cdh1_targeted_proteins_in_late_mitosis_early_g1
function_items	reactome_transport_and_synthesis_of_paps
function_items	reactome_glutathione_synthesis_and_recycling
function_items	reactome_processive_synthesis_on_the_c_strand_of_the_telomere
function_items	reactome_telomere_c_strand_lagging_strand_synthesis
function_items	reactome_activation_of_c3_and_c5
function_items	reactome_plasma_lipoprotein_assembly_remodeling_and_clearance
function_items	reactome_assembly_of_the_hiv_virion
function_items	reactome_conversion_from_apc_c:cdc20_to_apc_c:cdh1_in_late_anaphase
function_items	reactome_phosphorylation_of_emi1
function_items	reactome_activation_of_apc_c_and_apc_c:cdc20_mediated_degradation_of_mitotic_proteins
function_items	reactome_conjugation_of_benzoate_with_glycine
function_items	reactome_interactions_of_rev_with_host_cellular_proteins
function_items	reactome_signaling_by_egfr
function_items	reactome_apobec3g_mediated_resistance_to_hiv_1_infection
function_items	reactome_nuclear_import_of_rev_protein
function_items	reactome_rip_mediated_nfkb_activation_via_zbp1
function_items	reactome_serotonin_neurotransmitter_release_cycle
function_items	reactome_nef_mediated_cd8_down_regulation
function_items	reactome_sting_mediated_induction_of_host_immune_responses
function_items	reactome_cytosolic_sensors_of_pathogen_associated_dna
function_items	reactome_signaling_by_cytosolic_fgfr1_fusion_mutants
function_items	reactome_fgfr1_mutant_receptor_activation
function_items	reactome_fgfr2_mutant_receptor_activation
function_items	reactome_organelle_biogenesis_and_maintenance
function_items	reactome_synthesis_of_pyrophosphates_in_the_cytosol
function_items	reactome_synthesis_of_ip2_ip_and_ins_in_the_cytosol
function_items	reactome_synthesis_of_ip3_and_ip4_in_the_cytosol
function_items	reactome_activation_of_trka_receptors
function_items	reactome_ngf_independant_trka_activation
function_items	reactome_signaling_by_ntrk1_trka
function_items	reactome_scf_skp2_mediated_degradation_of_p27_p21
function_items	reactome_cellular_hexose_transport
function_items	reactome_heme_biosynthesis
function_items	reactome_heme_degradation
function_items	reactome_fgfr3_ligand_binding_and_activation
function_items	reactome_fgfr2_ligand_binding_and_activation
function_items	reactome_fgfr1b_ligand_binding_and_activation
function_items	reactome_fgfr3b_ligand_binding_and_activation
function_items	reactome_fgfr1c_ligand_binding_and_activation
function_items	reactome_fgfr2b_ligand_binding_and_activation
function_items	reactome_transport_of_connexons_to_the_plasma_membrane
function_items	reactome_pre_notch_processing_in_the_endoplasmic_reticulum
function_items	reactome_digestion_of_dietary_lipid
function_items	reactome_estrogen_biosynthesis
function_items	reactome_p75ntr_signals_via_nf_kb
function_items	reactome_p75ntr_negatively_regulates_cell_cycle_via_sc1
function_items	reactome_p75ntr_regulates_axonogenesis
function_items	reactome_synthesis_of_bile_acids_and_bile_salts_via_27_hydroxycholesterol
function_items	reactome_mineralocorticoid_biosynthesis
function_items	reactome_glucocorticoid_biosynthesis
function_items	reactome_signaling_by_vegf
function_items	reactome_rho_gtpase_cycle
function_items	reactome_degradation_of_beta_catenin_by_the_destruction_complex
function_items	reactome_rho_gtpase_effectors
function_items	reactome_metabolism_of_steroid_hormones
function_items	reactome_pregnenolone_biosynthesis
function_items	reactome_beta_catenin_phosphorylation_cascade
function_items	reactome_cobalamin_cbl_vitamin_b12_transport_and_metabolism
function_items	reactome_metabolism_of_folate_and_pterines
function_items	reactome_biotin_transport_and_metabolism
function_items	reactome_coenzyme_a_biosynthesis
function_items	reactome_vitamin_d_calciferol_metabolism
function_items	reactome_nicotinate_metabolism
function_items	reactome_vitamin_b1_thiamin_metabolism
function_items	reactome_vitamin_c_ascorbate_metabolism
function_items	reactome_vitamin_b2_riboflavin_metabolism
function_items	reactome_metabolism_of_water_soluble_vitamins_and_cofactors
function_items	reactome_nicotinamide_salvaging
function_items	reactome_akt_phosphorylates_targets_in_the_nucleus
function_items	reactome_creb_phosphorylation
function_items	reactome_er_to_golgi_anterograde_transport
function_items	reactome_import_of_palmitoyl_coa_into_the_mitochondrial_matrix
function_items	reactome_tcf_dependent_signaling_in_response_to_wnt
function_items	reactome_wnt_mediated_activation_of_dvl
function_items	reactome_formation_of_the_beta_catenin:tcf_transactivating_complex
function_items	reactome_metabolism_of_nitric_oxide:_enos_activation_and_regulation
function_items	reactome_assembly_of_collagen_fibrils_and_other_multimeric_structures
function_items	reactome_metabolism_of_angiotensinogen_to_angiotensins
function_items	reactome_dermatan_sulfate_biosynthesis
function_items	reactome_calcineurin_activates_nfat
function_items	reactome_fcgamma_receptor_fcgr_dependent_phagocytosis
function_items	reactome_fcgr_activation
function_items	reactome_regulation_of_actin_dynamics_for_phagocytic_cup_formation
function_items	reactome_role_of_phospholipids_in_phagocytosis
function_items	reactome_enos_activation
function_items	reactome_nostrin_mediated_enos_trafficking
function_items	reactome_copii_mediated_vesicle_transport
function_items	reactome_alpha_linolenic_omega3_and_linoleic_omega6_acid_metabolism
function_items	reactome_linoleic_acid_la_metabolism
function_items	reactome_nade_modulates_death_signalling
function_items	reactome_nf_kb_is_activated_and_signals_survival
function_items	reactome_metabolism_of_amine_derived_hormones
function_items	reactome_serotonin_and_melatonin_biosynthesis
function_items	reactome_thyroxine_biosynthesis
function_items	reactome_regulation_of_gene_expression_in_late_stage_branching_morphogenesis_pancreatic_bud_precursor_cells
function_items	reactome_regulation_of_gene_expression_in_endocrine_committed_neurog3plus_progenitor_cells
function_items	reactome_regulation_of_gene_expression_in_early_pancreatic_precursor_cells
function_items	reactome_gene_silencing_by_rna
function_items	reactome_vitamins
function_items	reactome_fatty_acids
function_items	reactome_phase_i_functionalization_of_compounds
function_items	reactome_miscellaneous_substrates
function_items	reactome_eicosanoids
function_items	reactome_cyp2e1_reactions
function_items	reactome_epigenetic_regulation_of_gene_expression
function_items	reactome_prc2_methylates_histones_and_dna
function_items	reactome_egfr_interacts_with_phospholipase_c_gamma
function_items	reactome_molecules_associated_with_elastic_fibres
function_items	reactome_synthesis_of_epoxy_eet_and_dihydroxyeicosatrienoic_acids_dhet
function_items	reactome_synthesis_of_5_eicosatetraenoic_acids
function_items	reactome_synthesis_of_leukotrienes_lt_and_eoxins_ex
function_items	reactome_synthesis_of_lipoxins_lx
function_items	reactome_synthesis_of_12_eicosatetraenoic_acid_derivatives
function_items	reactome_arachidonic_acid_metabolism
function_items	reactome_synthesis_of_15_eicosatetraenoic_acid_derivatives
function_items	reactome_ubiquinol_biosynthesis
function_items	reactome_synthesis_of_16_20_hydroxyeicosatetraenoic_acids_hete
function_items	reactome_hyaluronan_biosynthesis_and_export
function_items	reactome_transcriptional_activation_of_mitochondrial_biogenesis
function_items	reactome_activation_of_ppargc1a_pgc_1alpha_by_phosphorylation
function_items	reactome_abacavir_transmembrane_transport
function_items	reactome_abacavir_metabolism
function_items	reactome_synthesis_of_prostaglandins_pg_and_thromboxanes_tx
function_items	reactome_scavenging_of_heme_from_plasma
function_items	reactome_dap12_interactions
function_items	reactome_binding_and_uptake_of_ligands_by_scavenger_receptors
function_items	reactome_transcriptional_activity_of_smad2_smad3:smad4_heterotrimer
function_items	reactome_downregulation_of_smad2_3:smad4_transcriptional_activity
function_items	reactome_smad2_smad3:smad4_heterotrimer_regulates_transcription
function_items	reactome_egfr_transactivation_by_gastrin
function_items	reactome_the_retinoid_cycle_in_cones_daylight_vision
function_items	reactome_visual_phototransduction
function_items	reactome_notch2_intracellular_domain_regulates_transcription
function_items	reactome_mucopolysaccharidoses
function_items	reactome_anchoring_fibril_formation
function_items	reactome_pi3k_akt_signaling_in_cancer
function_items	reactome_constitutive_signaling_by_aberrant_pi3k_in_cancer
function_items	reactome_crosslinking_of_collagen_fibrils
function_items	reactome_cellular_responses_to_stress
function_items	reactome_condensation_of_prophase_chromosomes
function_items	reactome_phosphate_bond_hydrolysis_by_nudt_proteins
function_items	reactome_signaling_by_type_1_insulin_like_growth_factor_1_receptor_igf1r
function_items	reactome_metabolism_of_ingested_semet_sec_mesec_into_h2se
function_items	reactome_selenoamino_acid_metabolism
function_items	reactome_dap12_signaling
function_items	reactome_activation_of_gene_expression_by_srebf_srebp
function_items	reactome_shc_related_events_triggered_by_igf1r
function_items	reactome_the_canonical_retinoid_cycle_in_rods_twilight_vision
function_items	reactome_fc_epsilon_receptor_fceri_signaling
function_items	reactome_mastl_facilitates_mitotic_progression
function_items	reactome_establishment_of_sister_chromatid_cohesion
function_items	reactome_cohesin_loading_onto_chromatin
function_items	reactome_diseases_associated_with_visual_transduction
function_items	reactome_activation_of_the_phototransduction_cascade
function_items	reactome_resolution_of_sister_chromatid_cohesion
function_items	reactome_condensation_of_prometaphase_chromosomes
function_items	reactome_the_phototransduction_cascade
function_items	reactome_interaction_with_cumulus_cells_and_the_zona_pellucida
function_items	reactome_mitotic_metaphase_and_anaphase
function_items	reactome_oxidative_stress_induced_senescence
function_items	reactome_senescence_associated_secretory_phenotype_sasp
function_items	reactome_cellular_senescence
function_items	reactome_formation_of_senescence_associated_heterochromatin_foci_sahf
function_items	reactome_oncogene_induced_senescence
function_items	reactome_dna_damage_telomere_stress_induced_senescence
function_items	reactome_trif_mediated_programmed_cell_death
function_items	reactome_cytosolic_iron_sulfur_cluster_assembly
function_items	reactome_regulation_of_plk1_activity_at_g2_m_transition
function_items	reactome_signaling_by_leptin
function_items	reactome_signaling_by_notch1_in_cancer
function_items	reactome_fbxw7_mutants_and_notch1_in_cancer
function_items	reactome_insulin_processing
function_items	reactome_signaling_by_notch1_t_7_9_notch1:m1580_k2555_translocation_mutant
function_items	reactome_stimuli_sensing_channels
function_items	reactome_eph_ephrin_signaling
function_items	reactome_signaling_by_notch1_hd_domain_mutants_in_cancer
function_items	reactome_role_of_lat2_ntal_lab_on_calcium_mobilization
function_items	reactome_ficolins_bind_to_repetitive_carbohydrate_structures_on_the_target_cell_surface
function_items	reactome_fceri_mediated_mapk_activation
function_items	reactome_fceri_mediated_caplus2_mobilization
function_items	reactome_fceri_mediated_nf_kb_activation
function_items	reactome_pou5f1_oct4_sox2_nanog_repress_genes_related_to_differentiation
function_items	reactome_pou5f1_oct4_sox2_nanog_activate_genes_related_to_proliferation
function_items	reactome_notch2_activation_and_transmission_of_signal_to_the_nucleus
function_items	reactome_peptide_hormone_metabolism
function_items	reactome_nuclear_envelope_breakdown
function_items	reactome_activation_of_nima_kinases_nek9_nek6_nek7
function_items	reactome_sumoylation
function_items	reactome_nuclear_envelope_reassembly
function_items	reactome_laminin_interactions
function_items	reactome_syndecan_interactions
function_items	reactome_non_integrin_membrane_ecm_interactions
function_items	reactome_ecm_proteoglycans
function_items	reactome_scavenging_by_class_b_receptors
function_items	reactome_scavenging_by_class_a_receptors
function_items	reactome_scavenging_by_class_f_receptors
function_items	reactome_sumo_is_conjugated_to_e1_uba2:sae1
function_items	reactome_sumo_is_transferred_from_e1_to_e2_ube2i_ubc9
function_items	reactome_sumo_is_proteolytically_processed
function_items	reactome_sumoylation_of_dna_damage_response_and_repair_proteins
function_items	reactome_dex_h_box_helicases_activate_type_i_ifn_and_inflammatory_cytokines_production
function_items	reactome_lrr_flii_interacting_protein_1_lrrfip1_activates_type_i_ifn_production
function_items	reactome_regulation_of_innate_immune_responses_to_cytosolic_dna
function_items	reactome_hdacs_deacetylate_histones
function_items	reactome_pkmts_methylate_histone_lysines
function_items	reactome_hdms_demethylate_histones
function_items	reactome_hats_acetylate_histones
function_items	reactome_rmts_methylate_histone_arginines
function_items	reactome_processing_and_activation_of_sumo
function_items	reactome_glycogen_storage_diseases
function_items	reactome_sumoylation_of_transcription_factors
function_items	reactome_sumoylation_of_ubiquitinylation_proteins
function_items	reactome_wnt_ligand_biogenesis_and_trafficking
function_items	reactome_irf3_mediated_induction_of_type_i_ifn
function_items	reactome_trp_channels
function_items	reactome_defects_in_cobalamin_b12_metabolism
function_items	reactome_defects_in_vitamin_and_cofactor_metabolism
function_items	reactome_detoxification_of_reactive_oxygen_species
function_items	reactome_nuclear_pore_complex_npc_disassembly
function_items	reactome_signaling_by_tgf_beta_receptor_complex_in_cancer
function_items	reactome_glycogen_synthesis
function_items	reactome_defects_in_biotin_btn_metabolism
function_items	reactome_regulation_by_c_flip
function_items	reactome_regulation_of_hsf1_mediated_heat_shock_response
function_items	reactome_hsp90_chaperone_cycle_for_steroid_hormone_receptors_shr
function_items	reactome_hsf1_activation
function_items	reactome_cellular_response_to_heat_stress
function_items	reactome_attenuation_phase
function_items	reactome_hsf1_dependent_transactivation
function_items	reactome_grb2:sos_provides_linkage_to_mapk_signaling_for_integrins
function_items	reactome_diseases_associated_with_glycosaminoglycan_metabolism
function_items	reactome_defective_b4galt7_causes_eds_progeroid_type
function_items	reactome_defective_chst3_causes_sedcjd
function_items	reactome_defective_chst14_causes_eds_musculocontractural_type
function_items	reactome_defective_chsy1_causes_tpbs
function_items	reactome_defective_chst6_causes_mcdc1
function_items	reactome_defective_ext2_causes_exostoses_2
function_items	reactome_defective_st3gal3_causes_mct12_and_eiee15
function_items	reactome_defective_b4galt1_causes_b4galt1_cdg_cdg_2d
function_items	reactome_loss_of_function_of_tgfbr1_in_cancer
function_items	reactome_transcriptional_regulation_by_tp53
function_items	reactome_class_a_1_rhodopsin_like_receptors
function_items	reactome_netrin_1_signaling
function_items	reactome_nephrin_family_interactions
function_items	reactome_signaling_by_robo_receptors
function_items	reactome_deactivation_of_the_beta_catenin_transactivating_complex
function_items	reactome_negative_regulation_of_tcf_dependent_signaling_by_wnt_ligand_antagonists
function_items	reactome_diseases_associated_with_n_glycosylation_of_proteins
function_items	reactome_diseases_of_glycosylation
function_items	reactome_myoclonic_epilepsy_of_lafora
function_items	reactome_tachykinin_receptors_bind_tachykinins
function_items	reactome_centrosome_maturation
function_items	reactome_atf4_activates_genes_in_response_to_endoplasmic_reticulum_stress
function_items	reactome_atf6_atf6_alpha_activates_chaperones
function_items	reactome_perk_regulates_gene_expression
function_items	reactome_ire1alpha_activates_chaperones
function_items	reactome_unfolded_protein_response_upr
function_items	reactome_atf6_atf6_alpha_activates_chaperone_genes
function_items	reactome_regulation_of_insulin_like_growth_factor_igf_transport_and_uptake_by_insulin_like_growth_factor_binding_proteins_igfbps
function_items	reactome_glucagon_like_peptide_1_glp1_regulates_insulin_secretion
function_items	reactome_transport_of_small_molecules
function_items	reactome_beta_catenin_independent_wnt_signaling
function_items	reactome_vasopressin_like_receptors
function_items	reactome_receptor_type_tyrosine_protein_phosphatases
function_items	reactome_orexin_and_neuropeptides_ff_and_qrfp_bind_to_their_respective_receptors
function_items	reactome_alpha_oxidation_of_phytanate
function_items	reactome_glyoxylate_metabolism_and_glycine_degradation
function_items	reactome_beta_oxidation_of_pristanoyl_coa
function_items	reactome_sumoylation_of_transcription_cofactors
function_items	reactome_pd_1_signaling
function_items	reactome_cooperation_of_prefoldin_and_tric_cct_in_actin_and_tubulin_folding
function_items	reactome_beta_oxidation_of_very_long_chain_fatty_acids
function_items	reactome_folding_of_actin_by_cct_tric
function_items	reactome_muscarinic_acetylcholine_receptors
function_items	reactome_dopamine_receptors
function_items	reactome_adrenoceptors
function_items	reactome_diseases_associated_with_o_glycosylation_of_proteins
function_items	reactome_signal_regulatory_protein_family_interactions
function_items	reactome_leukotriene_receptors
function_items	reactome_adp_signalling_through_p2y_purinoceptor_12
function_items	reactome_g_beta:gamma_signalling_through_pi3kgamma
function_items	reactome_ephb_mediated_forward_signaling
function_items	reactome_epha_mediated_growth_cone_collapse
function_items	reactome_ephrin_signaling
function_items	reactome_eph_ephrin_mediated_repulsion_of_cells
function_items	reactome_g_protein_beta:gamma_signalling
function_items	reactome_glutamate_binding_activation_of_ampa_receptors_and_synaptic_plasticity
function_items	reactome_acetylcholine_regulates_insulin_secretion
function_items	reactome_adrenaline_noradrenaline_inhibits_insulin_secretion
function_items	reactome_regulation_of_lipid_metabolism_by_peroxisome_proliferator_activated_receptor_alpha_pparalpha
function_items	reactome_free_fatty_acids_regulate_insulin_secretion
function_items	reactome_synthesis_secretion_and_inactivation_of_glucose_dependent_insulinotropic_polypeptide_gip
function_items	reactome_sialic_acid_metabolism
function_items	reactome_sumoylation_of_sumoylation_proteins
function_items	reactome_ca2plus_pathway
function_items	reactome_pcp_ce_pathway
function_items	reactome_sumoylation_of_intracellular_receptors
function_items	reactome_g_alpha_12_13_signalling_events
function_items	reactome_sema4d_mediated_inhibition_of_cell_attachment_and_migration
function_items	reactome_reduction_of_cytosolic_caplusplus_levels
function_items	reactome_adp_signalling_through_p2y_purinoceptor_1
function_items	reactome_netrin_mediated_repulsion_signals
function_items	reactome_caspase_activation_via_dependence_receptors_in_the_absence_of_ligand
function_items	reactome_role_of_second_messengers_in_netrin_1_signaling
function_items	reactome_lysosphingolipid_and_lpa_receptors
function_items	reactome_calcitonin_like_ligand_receptors
function_items	reactome_nectin_necl_trans_heterodimerization
function_items	reactome_transport_of_bile_salts_and_organic_acids_metal_ions_and_amine_compounds
function_items	reactome_bicarbonate_transporters
function_items	reactome_sodium_calcium_exchangers
function_items	reactome_sodium_proton_exchangers
function_items	reactome_arachidonate_production_from_dag
function_items	reactome_cation_coupled_chloride_cotransporters
function_items	reactome_small_interfering_rna_sirna_biogenesis
function_items	reactome_post_transcriptional_silencing_by_small_rnas
function_items	reactome_sirt1_negatively_regulates_rrna_expression
function_items	reactome_ercc6_csb_and_ehmt2_g9a_positively_regulate_rrna_expression
function_items	reactome_multifunctional_anion_exchangers
function_items	reactome_sodium_coupled_phosphate_cotransporters
function_items	reactome_activation_of_rac1
function_items	reactome_regulation_of_commissural_axon_pathfinding_by_slit_and_robo
function_items	reactome_inactivation_of_cdc42_and_rac1
function_items	reactome_organic_anion_transporters
function_items	reactome_role_of_abl_in_robo_slit_signaling
function_items	reactome_gp1b_ix_v_activation_signalling
function_items	reactome_vasopressin_regulates_renal_water_homeostasis_via_aquaporins
function_items	reactome_sodium_coupled_sulphate_di_and_tri_carboxylate_transporters
function_items	reactome_proton_coupled_monocarboxylate_transport
function_items	reactome_fatty_acids_bound_to_gpr40_ffar1_regulate_insulin_secretion
function_items	reactome_zinc_efflux_and_compartmentalization_by_the_slc30_family
function_items	reactome_unblocking_of_nmda_receptors_glutamate_binding_and_activation
function_items	reactome_binding_of_tcf_lef:ctnnb1_to_target_gene_promoters
function_items	reactome_depolymerisation_of_the_nuclear_lamina
function_items	reactome_zinc_influx_into_cells_by_the_slc39_gene_family
function_items	reactome_naplus_cl_dependent_neurotransmitter_transporters
function_items	reactome_creb1_phosphorylation_through_the_activation_of_adenylate_cyclase
function_items	reactome_creb1_phosphorylation_through_the_activation_of_camkii_camkk_camkiv_cascasde
function_items	reactome_creb1_phosphorylation_through_nmda_receptor_mediated_activation_of_ras_signaling
function_items	reactome_activation_of_nmda_receptors_and_postsynaptic_events
function_items	reactome_ras_activation_upon_ca2plus_influx_through_nmda_receptor
function_items	reactome_free_fatty_acid_receptors
function_items	reactome_rsk_activation
function_items	reactome_formyl_peptide_receptors_bind_formyl_peptides_and_many_other_ligands
function_items	reactome_relaxin_receptors
function_items	reactome_type_i_hemidesmosome_assembly
function_items	reactome_synthesis_of_dolichyl_phosphate
function_items	reactome_synthesis_of_gdp_mannose
function_items	reactome_synthesis_of_udp_n_acetyl_glucosamine
function_items	reactome_regulation_of_cytoskeletal_remodeling_and_cell_spreading_by_ipp_complex_components
function_items	reactome_interleukin_1_family_signaling
function_items	reactome_nrcam_interactions
function_items	reactome_chl1_interactions
function_items	reactome_neurofascin_interactions
function_items	reactome_interleukin_12_family_signaling
function_items	reactome_interleukin_17_signaling
function_items	reactome_interleukin_1_processing
function_items	reactome_signaling_by_interleukins
function_items	reactome_other_interleukin_signaling
function_items	reactome_activation_of_the_ap_1_family_of_transcription_factors
function_items	reactome_butyrate_response_factor_1_brf1_binds_and_destabilizes_mrna
function_items	reactome_auf1_hnrnp_d0_binds_and_destabilizes_mrna
function_items	reactome_tristetraprolin_ttp_zfp36_binds_and_destabilizes_mrna
function_items	reactome_hur_elavl1_binds_and_stabilizes_mrna
function_items	reactome_ksrp_khsrp_binds_and_destabilizes_mrna
function_items	reactome_interleukin_2_family_signaling
function_items	reactome_transcriptional_regulation_of_pluripotent_stem_cells
function_items	reactome_sumoylation_of_chromatin_organization_proteins
function_items	reactome_sumoylation_of_rna_binding_proteins
function_items	reactome_asymmetric_localization_of_pcp_proteins
function_items	reactome_sumoylation_of_dna_replication_proteins
function_items	reactome_degradation_of_axin
function_items	reactome_degradation_of_dvl
function_items	reactome_disassembly_of_the_destruction_complex_and_recruitment_of_axin_to_the_membrane
function_items	reactome_regulation_of_fzd_by_ubiquitination
function_items	reactome_repression_of_wnt_target_genes
function_items	reactome_sumoylation_of_dna_methylation_proteins
function_items	reactome_sumoylation_of_immune_response_proteins
function_items	reactome_signaling_by_wnt_in_cancer
function_items	reactome_chromatin_organization
function_items	reactome_phosphorylation_site_mutants_of_ctnnb1_are_not_targeted_to_the_proteasome_by_the_destruction_complex
function_items	reactome_interconversion_of_nucleotide_di_and_triphosphates
function_items	reactome_presynaptic_function_of_kainate_receptors
function_items	reactome_defective_galnt3_causes_familial_hyperphosphatemic_tumoral_calcinosis_hftc
function_items	reactome_defective_lfng_causes_scdo3
function_items	reactome_defective_c1galt1c1_causes_tn_polyagglutination_syndrome_tnps
function_items	reactome_wnt5a_dependent_internalization_of_fzd4
function_items	reactome_interleukin_3_interleukin_5_and_gm_csf_signaling
function_items	reactome_wnt5a_dependent_internalization_of_fzd2_fzd5_and_ror2
function_items	reactome_o_linked_glycosylation
function_items	reactome_o_glycosylation_of_tsr_domain_containing_proteins
function_items	reactome_mitophagy
function_items	reactome_pink_parkin_mediated_mitophagy
function_items	reactome_uptake_and_function_of_anthrax_toxins
function_items	reactome_regulated_necrosis
function_items	reactome_vegfr2_mediated_vascular_permeability
function_items	reactome_vegfr2_mediated_cell_proliferation
function_items	reactome_miscellaneous_transport_and_binding_events
function_items	reactome_positive_epigenetic_regulation_of_rrna_expression
function_items	reactome_negative_epigenetic_regulation_of_rrna_expression
function_items	reactome_toxicity_of_botulinum_toxin_type_d_bont_d
function_items	reactome_diseases_of_immune_system
function_items	reactome_dna_methylation
function_items	reactome_uptake_and_function_of_diphtheria_toxin
function_items	reactome_uptake_and_actions_of_bacterial_toxins
function_items	reactome_misspliced_lrp5_mutants_have_enhanced_beta_catenin_dependent_signaling
function_items	reactome_rnf_mutants_show_enhanced_wnt_signaling_and_proliferation
function_items	reactome_caspase_activation_via_extrinsic_apoptotic_signalling_pathway
function_items	reactome_tnfr1_induced_proapoptotic_signaling
function_items	reactome_programmed_cell_death
function_items	reactome_regulation_of_tnfr1_signaling
function_items	reactome_tnfr1_induced_nfkappab_signaling_pathway
function_items	reactome_hedgehog_ligand_biogenesis
function_items	reactome_signaling_by_hedgehog
function_items	reactome_synthesis_of_diphthamide_eef2
function_items	reactome_mismatch_repair
function_items	reactome_signaling_by_retinoic_acid
function_items	reactome_release_of_hh_np_from_the_secreting_cell
function_items	reactome_ra_biosynthesis_pathway
function_items	reactome_mitochondrial_translation
function_items	reactome_negative_regulation_of_tcf_dependent_signaling_by_dvl_interacting_proteins
function_items	reactome_diseases_of_mismatch_repair_mmr
function_items	reactome_aflatoxin_activation_and_detoxification
function_items	reactome_organic_cation_transport
function_items	reactome_metabolism_of_lipids
function_items	reactome_phase_4_resting_membrane_potential
function_items	reactome_phase_3_rapid_repolarisation
function_items	reactome_cardiac_conduction
function_items	reactome_phase_0_rapid_depolarisation
function_items	reactome_phase_2_plateau_phase
function_items	reactome_phase_1_inactivation_of_fast_naplus_channels
function_items	reactome_transcriptional_regulation_by_small_rnas
function_items	reactome_physiological_factors
function_items	reactome_ion_homeostasis
function_items	reactome_metabolic_disorders_of_biological_oxidation_enzymes
function_items	reactome_piwi_interacting_rna_pirna_biogenesis
function_items	reactome_ikba_variant_leads_to_eda_id
function_items	reactome_irak4_deficiency_tlr2_4
function_items	reactome_dectin_1_mediated_noncanonical_nf_kb_signaling
function_items	reactome_clec7a_dectin_1_induces_nfat_activation
function_items	reactome_clec7a_dectin_1_signaling
function_items	reactome_diseases_associated_with_glycosylation_precursor_biosynthesis
function_items	reactome_organic_anion_transport
function_items	reactome_degradation_of_gli1_by_the_proteasome
function_items	reactome_hedgehog_off_state
function_items	reactome_cilium_assembly
function_items	reactome_abc_transporter_disorders
function_items	reactome_slc_transporter_disorders
function_items	reactome_defective_tpr_may_confer_susceptibility_towards_thyroid_papillary_carcinoma_tpc
function_items	reactome_disorders_of_transmembrane_transporters
function_items	reactome_activation_of_hox_genes_during_differentiation
function_items	reactome_anchoring_of_the_basal_body_to_the_plasma_membrane
function_items	reactome_vxpx_cargo_targeting_to_cilium
function_items	reactome_cargo_trafficking_to_the_periciliary_membrane
function_items	reactome_bbsome_mediated_cargo_targeting_to_cilium
function_items	reactome_intraflagellar_transport
function_items	reactome_dectin_2_family
function_items	reactome_c_type_lectin_receptors_clrs
function_items	reactome_cd209_dc_sign_signaling
function_items	reactome_trafficking_of_myristoylated_proteins_to_the_cilium
function_items	reactome_rho_gtpases_activate_pkns
function_items	reactome_activated_pkn1_stimulates_transcription_of_ar_androgen_receptor_regulated_genes_klk2_and_klk3
function_items	reactome_rho_gtpases_activate_cit
function_items	reactome_rho_gtpases_activate_ktn1
function_items	reactome_rho_gtpases_activate_iqgaps
function_items	reactome_tnfr1_mediated_ceramide_production
function_items	reactome_rho_gtpases_activate_rocks
function_items	reactome_rho_gtpases_activate_paks
function_items	reactome_tp53_regulates_metabolic_genes
function_items	reactome_ligand_receptor_interactions
function_items	reactome_hedgehog_on_state
function_items	reactome_regulation_of_tp53_activity
function_items	reactome_tp53_regulates_transcription_of_cell_death_genes
function_items	reactome_activation_of_smo
function_items	reactome_gli_proteins_bind_promoters_of_hh_responsive_genes_to_promote_transcription
function_items	reactome_signaling_by_egfrviii_in_cancer
function_items	reactome_signaling_by_ligand_responsive_egfr_variants_in_cancer
function_items	reactome_apex1_independent_resolution_of_ap_sites_via_the_single_nucleotide_replacement_pathway
function_items	reactome_pcna_dependent_long_patch_base_excision_repair
function_items	reactome_fructose_metabolism
function_items	reactome_vesicle_mediated_transport
function_items	reactome_phospholipase_c_mediated_cascade_fgfr2
function_items	reactome_phospholipase_c_mediated_cascade_fgfr4
function_items	reactome_downstream_signaling_of_activated_fgfr1
function_items	reactome_shc_mediated_cascade:fgfr1
function_items	reactome_pi_3k_cascade:fgfr1
function_items	reactome_frs_mediated_fgfr1_signaling
function_items	reactome_pi_3k_cascade:fgfr2
function_items	reactome_downstream_signaling_of_activated_fgfr2
function_items	reactome_shc_mediated_cascade:fgfr2
function_items	reactome_frs_mediated_fgfr2_signaling
function_items	reactome_shc_mediated_cascade:fgfr3
function_items	reactome_frs_mediated_fgfr3_signaling
function_items	reactome_downstream_signaling_of_activated_fgfr3
function_items	reactome_pi_3k_cascade:fgfr3
function_items	reactome_frs_mediated_fgfr4_signaling
function_items	reactome_downstream_signaling_of_activated_fgfr4
function_items	reactome_shc_mediated_cascade:fgfr4
function_items	reactome_pi_3k_cascade:fgfr4
function_items	reactome_negative_regulation_of_fgfr1_signaling
function_items	reactome_negative_regulation_of_fgfr2_signaling
function_items	reactome_negative_regulation_of_fgfr3_signaling
function_items	reactome_negative_regulation_of_fgfr4_signaling
function_items	reactome_signaling_by_fgfr1
function_items	reactome_signaling_by_fgfr2
function_items	reactome_signaling_by_fgfr3
function_items	reactome_signaling_by_fgfr4
function_items	reactome_signaling_by_fgfr2_in_disease
function_items	reactome_signaling_by_fgfr4_in_disease
function_items	reactome_signaling_by_fgfr1_in_disease
function_items	reactome_translesion_synthesis_by_polk
function_items	reactome_termination_of_translesion_dna_synthesis
function_items	reactome_regulation_of_ras_by_gaps
function_items	reactome_fgfrl1_modulation_of_fgfr1_signaling
function_items	reactome_response_to_metal_ions
function_items	reactome_clec7a_inflammasome_pathway
function_items	reactome_metallothioneins_bind_metals
function_items	reactome_formation_of_xylulose_5_phosphate
function_items	reactome_melanin_biosynthesis
function_items	reactome_diseases_of_carbohydrate_metabolism
function_items	reactome_diseases_of_signal_transduction
function_items	reactome_infectious_disease
function_items	reactome_rho_gtpases_activate_wasps_and_waves
function_items	reactome_rho_gtpases_activate_formins
function_items	reactome_rho_gtpases_activate_rhotekin_and_rhophilins
function_items	reactome_tnfr2_non_canonical_nf_kb_pathway
function_items	reactome_rho_gtpases_activate_nadph_oxidases
function_items	reactome_diseases_of_metabolism
function_items	reactome_tnfs_bind_their_physiological_receptors
function_items	reactome_raf_activation
function_items	reactome_map2k_and_mapk_activation
function_items	reactome_constitutive_signaling_by_akt1_e17k_in_cancer
function_items	reactome_negative_feedback_regulation_of_mapk_pathway
function_items	reactome_negative_regulation_of_mapk_pathway
function_items	reactome_tnf_receptor_superfamily_tnfsf_members_mediating_non_canonical_nf_kb_pathway
function_items	reactome_protein_repair
function_items	reactome_defective_cftr_causes_cystic_fibrosis
function_items	reactome_lgi_adam_interactions
function_items	reactome_mapk_family_signaling_cascades
function_items	reactome_surfactant_metabolism
function_items	reactome_map3k8_tpl2_dependent_mapk1_3_activation
function_items	reactome_hdr_through_single_strand_annealing_ssa
function_items	reactome_hdr_through_mmej_alt_nhej
function_items	reactome_hdr_through_homologous_recombination_hrr
function_items	reactome_regulation_of_tlr_by_endogenous_ligand
function_items	reactome_mapk6_mapk4_signaling
function_items	reactome_diseases_associated_with_surfactant_metabolism
function_items	reactome_deubiquitination
function_items	reactome_defective_csf2rb_causes_pulmonary_surfactant_metabolism_dysfunction_5_smdp5
function_items	reactome_uch_proteinases
function_items	reactome_josephin_domain_dubs
function_items	reactome_ub_specific_processing_proteases
function_items	reactome_ovarian_tumor_domain_proteases
function_items	reactome_metalloprotease_dubs
function_items	reactome_cd22_mediated_bcr_regulation
function_items	reactome_dna_double_strand_break_repair
function_items	reactome_resolution_of_d_loop_structures
function_items	reactome_homology_directed_repair
function_items	reactome_sensing_of_dna_double_strand_breaks
function_items	reactome_resolution_of_d_loop_structures_through_synthesis_dependent_strand_annealing_sdsa
function_items	reactome_nonhomologous_end_joining_nhej
function_items	reactome_homologous_dna_pairing_and_strand_exchange
function_items	reactome_dna_double_strand_break_response
function_items	reactome_processing_of_dna_double_strand_break_ends
function_items	reactome_cargo_concentration_in_the_er
function_items	reactome_dna_damage_recognition_in_gg_ner
function_items	reactome_gap_filling_dna_repair_synthesis_and_ligation_in_gg_ner
function_items	reactome_global_genome_nucleotide_excision_repair_gg_ner
function_items	reactome_dual_incision_in_gg_ner
function_items	reactome_highly_sodium_permeable_acetylcholine_nicotinic_receptors
function_items	reactome_highly_calcium_permeable_nicotinic_acetylcholine_receptors
function_items	reactome_rna_polymerase_ii_pre_transcription_events
function_items	reactome_formation_of_tc_ner_pre_incision_complex
function_items	reactome_transcription_coupled_nucleotide_excision_repair_tc_ner
function_items	reactome_dual_incision_in_tc_ner
function_items	reactome_trna_modification_in_the_nucleus_and_cytosol
function_items	reactome_synthesis_of_wybutosine_at_g37_of_trna_phe
function_items	reactome_interleukin_6_family_signaling
function_items	reactome_interleukin_10_signaling
function_items	reactome_trna_processing_in_the_nucleus
function_items	reactome_trna_processing_in_the_mitochondrion
function_items	reactome_erbb2_regulates_cell_motility
function_items	reactome_interleukin_4_and_interleukin_13_signaling
function_items	reactome_trna_modification_in_the_mitochondrion
function_items	reactome_gdp_fucose_biosynthesis
function_items	reactome_il_6_type_cytokine_receptor_ligand_interactions
function_items	reactome_rrna_modification_in_the_nucleus_and_cytosol
function_items	reactome_tp53_regulates_transcription_of_cell_cycle_genes
function_items	reactome_rrna_modification_in_the_mitochondrion
function_items	reactome_neurexins_and_neuroligins
function_items	reactome_protein_protein_interactions_at_synapses
function_items	reactome_tp53_regulates_transcription_of_dna_repair_genes
function_items	reactome_choline_catabolism
function_items	reactome_neutrophil_degranulation
function_items	reactome_complex_i_biogenesis
function_items	reactome_metal_sequestration_by_antimicrobial_proteins
function_items	reactome_signaling_by_moderate_kinase_activity_braf_mutants
function_items	reactome_signaling_by_ras_mutants
function_items	reactome_signaling_by_braf_and_raf_fusions
function_items	reactome_oncogenic_mapk_signaling
function_items	reactome_antimicrobial_peptides
function_items	reactome_tp53_regulates_transcription_of_genes_involved_in_cytochrome_c_release
function_items	reactome_tp53_regulates_transcription_of_several_additional_cell_death_genes_whose_specific_roles_in_p53_dependent_apoptosis_remain_uncertain
function_items	reactome_tp53_regulates_transcription_of_caspase_activators_and_caspases
function_items	reactome_tp53_regulates_transcription_of_death_receptors_and_ligands
function_items	reactome_fgfr2_alternative_splicing
function_items	reactome_tp53_regulates_transcription_of_genes_involved_in_g2_cell_cycle_arrest
function_items	reactome_tp53_regulates_transcription_of_additional_cell_cycle_genes_whose_exact_role_in_the_p53_pathway_remain_uncertain
function_items	reactome_tp53_regulates_transcription_of_genes_involved_in_g1_cell_cycle_arrest
function_items	reactome_regulation_of_tp53_activity_through_phosphorylation
function_items	reactome_regulation_of_tp53_activity_through_acetylation
function_items	reactome_regulation_of_tp53_activity_through_association_with_co_factors
function_items	reactome_regulation_of_tp53_activity_through_methylation
function_items	reactome_keratinization
function_items	reactome_regulation_of_tp53_expression_and_degradation
function_items	reactome_metabolism_of_fat_soluble_vitamins
function_items	reactome_signaling_by_met
function_items	reactome_met_receptor_activation
function_items	reactome_negative_regulation_of_met_activity
function_items	reactome_pten_regulation
function_items	reactome_rna_polymerase_ii_transcribes_snrna_genes
function_items	reactome_copi_mediated_anterograde_transport
function_items	reactome_formation_of_the_cornified_envelope
function_items	reactome_copi_dependent_golgi_to_er_retrograde_traffic
function_items	reactome_copi_independent_golgi_to_er_retrograde_traffic
function_items	reactome_intra_golgi_traffic
function_items	reactome_retrograde_transport_at_the_trans_golgi_network
function_items	reactome_intra_golgi_and_retrograde_golgi_to_er_traffic
function_items	reactome_pi5p_regulates_tp53_acetylation
function_items	reactome_cooperation_of_pdcl_phlp1_and_tric_cct_in_g_protein_beta_folding
function_items	reactome_glycerophospholipid_catabolism
function_items	reactome_assembly_of_the_orc_complex_at_the_origin_of_replication
function_items	reactome_cdc6_association_with_the_orc:origin_complex
function_items	reactome_mitotic_prophase
function_items	reactome_mitotic_telophase_cytokinesis
function_items	reactome_m_phase
function_items	reactome_g2_phase
function_items	reactome_dna_replication_initiation
function_items	reactome_dna_replication_pre_initiation
function_items	reactome_switching_of_origins_to_a_post_replicative_state
function_items	reactome_leading_strand_synthesis
function_items	reactome_cyclin_a_b1_b2_associated_events_during_g2_m_transition
function_items	reactome_g2_m_dna_replication_checkpoint
function_items	reactome_stabilization_of_p53
function_items	reactome_g1_s_dna_damage_checkpoints
function_items	reactome_mitotic_spindle_checkpoint
function_items	reactome_cyclin_a:cdk2_associated_events_at_s_phase_entry
function_items	reactome_fructose_catabolism
function_items	reactome_galactose_catabolism
function_items	reactome_urea_cycle
function_items	reactome_histidine_catabolism
function_items	reactome_propionyl_coa_catabolism
function_items	reactome_lysine_catabolism
function_items	reactome_creatine_metabolism
function_items	reactome_pentose_phosphate_pathway
function_items	reactome_mrna_editing:_c_to_u_conversion
function_items	reactome_trna_processing
function_items	reactome_rrna_processing
function_items	reactome_eukaryotic_translation_initiation
function_items	reactome_recycling_of_eif2:gdp
function_items	reactome_transport_of_nucleotide_sugars
function_items	reactome_pyrimidine_salvage
function_items	reactome_rna_polymerase_i_transcription_initiation
function_items	reactome_rna_polymerase_i_promoter_escape
function_items	reactome_rna_polymerase_ii_transcription_pre_initiation_and_promoter_opening
function_items	reactome_rna_polymerase_iii_chain_elongation
function_items	reactome_rna_polymerase_ii_transcription_termination
function_items	reactome_rna_polymerase_i_transcription_termination
function_items	reactome_rna_polymerase_i_transcription
function_items	reactome_death_receptor_signalling
function_items	reactome_dna_damage_bypass
function_items	reactome_depurination
function_items	reactome_base_excision_repair_ap_site_formation
function_items	reactome_resolution_of_abasic_sites_ap_sites
function_items	reactome_dna_damage_reversal
function_items	reactome_rna_polymerase_iii_transcription_termination
function_items	reactome_rna_polymerase_iii_transcription
function_items	reactome_gene_expression_transcription
function_items	reactome_ketone_body_metabolism
function_items	reactome_irs_activation
function_items	reactome_chk1_chk2_cds1_mediated_inactivation_of_cyclin_b:cdk1_complex
function_items	reactome_mrna_editing
function_items	reactome_fasl_cd95l_signaling
function_items	reactome_trail_signaling
function_items	reactome_dissolution_of_fibrin_clot
function_items	reactome_tnf_signaling
function_items	reactome_rna_polymerase_ii_transcription_elongation
function_items	reactome_response_to_elevated_platelet_cytosolic_ca2plus
function_items	reactome_rna_polymerase_iii_transcription_initiation_from_type_1_promoter
function_items	reactome_rna_polymerase_iii_transcription_initiation_from_type_3_promoter
function_items	reactome_synthesis_of_ketone_bodies
function_items	reactome_mitochondrial_fatty_acid_beta_oxidation_of_saturated_fatty_acids
function_items	reactome_mitochondrial_fatty_acid_beta_oxidation_of_unsaturated_fatty_acids
function_items	reactome_beta_oxidation_of_lauroyl_coa_to_decanoyl_coa_coa
function_items	reactome_beta_oxidation_of_decanoyl_coa_to_octanoyl_coa_coa
function_items	reactome_beta_oxidation_of_octanoyl_coa_to_hexanoyl_coa
function_items	reactome_beta_oxidation_of_hexanoyl_coa_to_butanoyl_coa
function_items	reactome_beta_oxidation_of_butanoyl_coa_to_acetyl_coa
function_items	reactome_nucleosome_assembly
function_items	reactome_transport_of_fatty_acids
function_items	reactome_transport_of_nucleosides_and_free_purine_and_pyrimidine_bases_across_the_plasma_membrane
function_items	reactome_erbb2_activates_ptk6_signaling
function_items	reactome_wax_and_plasmalogen_biosynthesis
function_items	reactome_ptk6_regulates_proteins_involved_in_rna_processing
function_items	reactome_ptk6_regulates_rtks_and_their_effectors_akt1_and_dok1
function_items	reactome_ptk6_regulates_cell_cycle
function_items	reactome_ptk6_regulates_rho_gtpases_ras_gtpase_and_map_kinases
function_items	reactome_ptk6_expression
function_items	reactome_synaptic_adhesion_like_molecules
function_items	reactome_phosphate_bond_hydrolysis_by_ntpdase_proteins
function_items	reactome_butyrophilin_btn_family_interactions
function_items	reactome_signaling_by_fgfr2_iiia_tm
function_items	reactome_met_activates_ras_signaling
function_items	reactome_met_activates_pi3k_akt_signaling
function_items	reactome_protein_ubiquitination
function_items	reactome_the_role_of_gtse1_in_g2_m_progression_after_g2_checkpoint
function_items	reactome_signaling_by_mst1
function_items	reactome_signaling_by_fgfr3_fusions_in_cancer
function_items	reactome_ret_signaling
function_items	reactome_fbxl7_down_regulates_aurka_during_mitotic_entry_and_in_early_mitosis
function_items	reactome_tbc_rabgaps
function_items	reactome_aurka_activation_by_tpx2
function_items	reactome_interleukin_20_family_signaling
function_items	reactome_golgi_to_er_retrograde_transport
function_items	reactome_cargo_recognition_for_clathrin_mediated_endocytosis
function_items	reactome_clathrin_mediated_endocytosis
function_items	reactome_ptk6_promotes_hif1a_stabilization
function_items	reactome_neurodegenerative_diseases
function_items	reactome_downregulation_of_erbb2_signaling
function_items	reactome_transcriptional_regulation_by_the_ap_2_tfap2_family_of_transcription_factors
function_items	reactome_met_activates_ptpn11
function_items	reactome_reelin_signalling_pathway
function_items	reactome_vldl_assembly
function_items	reactome_vldlr_internalisation_and_degradation
function_items	reactome_synthesis_of_active_ubiquitin:_roles_of_e1_and_e2_enzymes
function_items	reactome_e3_ubiquitin_ligases_ubiquitinate_target_proteins
function_items	reactome_negative_regulation_of_activity_of_tfap2_ap_2_family_transcription_factors
function_items	reactome_activation_of_the_tfap2_ap_2_family_of_transcription_factors
function_items	reactome_tfap2_ap_2_family_regulates_transcription_of_growth_factors_and_their_receptors
function_items	reactome_tfap2_ap_2_family_regulates_transcription_of_cell_cycle_factors
function_items	reactome_rrna_processing_in_the_mitochondrion
function_items	reactome_rrna_processing_in_the_nucleus_and_cytosol
function_items	reactome_tfap2a_acts_as_a_transcriptional_repressor_during_retinoic_acid_induced_cell_differentiation
function_items	reactome_rab_geranylgeranylation
function_items	reactome_met_activates_ptk2_signaling
function_items	reactome_creb3_factors_activate_genes
function_items	reactome_inlb_mediated_entry_of_listeria_monocytogenes_into_host_cell
function_items	reactome_met_interacts_with_tns_proteins
function_items	reactome_met_activates_rap1_and_rac1
function_items	reactome_met_receptor_recycling
function_items	reactome_met_promotes_cell_motility
function_items	reactome_rab_gefs_exchange_gtp_for_gdp_on_rabs
function_items	reactome_listeria_monocytogenes_entry_into_host_cells
function_items	reactome_inla_mediated_entry_of_listeria_monocytogenes_into_host_cells
function_items	reactome_protein_methylation
function_items	reactome_runx1_and_foxp3_control_the_development_of_regulatory_t_lymphocytes_tregs
function_items	reactome_transcriptional_regulation_by_runx3
function_items	reactome_transcriptional_regulation_by_runx2
function_items	reactome_transcriptional_regulation_by_runx1
function_items	reactome_runx1_regulates_estrogen_receptor_mediated_transcription
function_items	reactome_regulation_of_runx1_expression_and_activity
function_items	reactome_receptor_mediated_mitophagy
function_items	reactome_digestion
function_items	reactome_runx1_regulates_expression_of_components_of_tight_junctions
function_items	reactome_runx1_regulates_genes_involved_in_megakaryocyte_differentiation_and_platelet_function
function_items	reactome_aryl_hydrocarbon_receptor_signalling
function_items	reactome_esr_mediated_signaling
function_items	reactome_runx1_regulates_transcription_of_genes_involved_in_differentiation_of_hscs
function_items	reactome_runx1_regulates_transcription_of_genes_involved_in_differentiation_of_keratinocytes
function_items	reactome_runx1_interacts_with_co_factors_whose_precise_effect_on_runx1_targets_is_not_known
function_items	reactome_runx1_regulates_transcription_of_genes_involved_in_bcr_signaling
function_items	reactome_runx1_regulates_transcription_of_genes_involved_in_differentiation_of_myeloid_cells
function_items	reactome_runx1_regulates_transcription_of_genes_involved_in_interleukin_signaling
function_items	reactome_runx1_regulates_transcription_of_genes_involved_in_wnt_signaling
function_items	reactome_regulation_of_runx2_expression_and_activity
function_items	reactome_runx2_regulates_osteoblast_differentiation
function_items	reactome_runx2_regulates_chondrocyte_maturation
function_items	reactome_runx2_regulates_bone_development
function_items	reactome_runx2_regulates_genes_involved_in_cell_migration
function_items	reactome_runx3_regulates_cdkn1a_transcription
function_items	reactome_runx3_regulates_notch_signaling
function_items	reactome_regulation_of_runx3_expression_and_activity
function_items	reactome_regulation_of_pten_mrna_translation
function_items	reactome_regulation_of_pten_gene_transcription
function_items	reactome_collagen_chain_trimerization
function_items	reactome_competing_endogenous_rnas_cernas_regulate_pten_translation
function_items	reactome_regulation_of_pten_localization
function_items	reactome_regulation_of_pten_stability_and_activity
function_items	reactome_mitochondrial_calcium_ion_transport
function_items	reactome_runx3_regulates_immune_response_and_cell_migration
function_items	reactome_cristae_formation
function_items	reactome_processing_of_smdt1
function_items	reactome_gene_and_protein_expression_by_jak_stat_signaling_after_interleukin_12_stimulation
function_items	reactome_runx3_regulates_wnt_signaling
function_items	reactome_neddylation
function_items	reactome_runx3_regulates_yap1_mediated_transcription
function_items	reactome_runx3_regulates_p14_arf
function_items	reactome_runx3_regulates_bcl2l11_bim_transcription
function_items	reactome_transcriptional_regulation_by_e2f6
function_items	reactome_cellular_responses_to_external_stimuli
function_items	reactome_carboxyterminal_post_translational_modifications_of_tubulin
function_items	reactome_nucleobase_catabolism
function_items	reactome_nucleobase_biosynthesis
function_items	reactome_nucleotide_salvage
function_items	reactome_metabolism_of_steroids
function_items	reactome_intestinal_absorption
function_items	reactome_tyrosine_catabolism
function_items	reactome_phenylalanine_and_tyrosine_metabolism
function_items	reactome_aspartate_and_asparagine_metabolism
function_items	reactome_digestion_and_absorption
function_items	reactome_chylomicron_assembly
function_items	reactome_assembly_of_active_lpl_and_lipc_lipase_complexes
function_items	reactome_hdl_assembly
function_items	reactome_plasma_lipoprotein_assembly
function_items	reactome_plasma_lipoprotein_remodeling
function_items	reactome_chylomicron_remodeling
function_items	reactome_hdl_clearance
function_items	reactome_chylomicron_clearance
function_items	reactome_ldl_clearance
function_items	reactome_plasma_lipoprotein_clearance
function_items	reactome_vldl_clearance
function_items	reactome_hdl_remodeling
function_items	reactome_phenylalanine_metabolism
function_items	reactome_glutamate_and_glutamine_metabolism
function_items	reactome_lipid_particle_organization
function_items	reactome_g_beta:gamma_signalling_through_cdc42
function_items	reactome_fatty_acid_metabolism
function_items	reactome_metabolism_of_cofactors
function_items	reactome_triglyceride_metabolism
function_items	reactome_glycogen_metabolism
function_items	reactome_interleukin_15_signaling
function_items	reactome_oas_antiviral_response
function_items	reactome_interleukin_35_signalling
function_items	reactome_interleukin_9_signaling
function_items	reactome_transcriptional_regulation_by_mecp2
function_items	reactome_pervasive_developmental_disorders
function_items	reactome_signaling_by_ntrk2_trkb
function_items	reactome_signaling_by_erythropoietin
function_items	reactome_integrin_signaling
function_items	reactome_intracellular_signaling_by_second_messengers
function_items	reactome_signaling_by_non_receptor_tyrosine_kinases
function_items	reactome_signaling_by_nuclear_receptors
function_items	reactome_signaling_by_receptor_tyrosine_kinases
function_items	reactome_signaling_by_tgf_beta_family_members
function_items	reactome_rab_regulation_of_trafficking
function_items	reactome_interleukin_37_signaling
function_items	reactome_extra_nuclear_estrogen_signaling
function_items	reactome_er_quality_control_compartment_erqc
function_items	reactome_regulation_of_expression_of_slits_and_robos
function_items	reactome_robo_receptors_bind_akap5
function_items	reactome_interleukin_18_signaling
function_items	reactome_notch3_activation_and_transmission_of_signal_to_the_nucleus
function_items	reactome_notch3_intracellular_domain_regulates_transcription
function_items	reactome_notch4_intracellular_domain_regulates_transcription
function_items	reactome_notch4_activation_and_transmission_of_signal_to_the_nucleus
function_items	reactome_tlr3_mediated_ticam1_dependent_programmed_cell_death
function_items	reactome_ticam1_dependent_activation_of_irf3_irf7
function_items	reactome_ticam1_traf6_dependent_induction_of_tak1_complex
function_items	reactome_interleukin_36_pathway
function_items	reactome_noncanonical_activation_of_notch3
function_items	reactome_estrogen_dependent_gene_expression
function_items	reactome_biosynthesis_of_specialized_proresolving_mediators_spms
function_items	reactome_biosynthesis_of_epa_derived_spms
function_items	reactome_biosynthesis_of_maresins
function_items	reactome_biosynthesis_of_e_series_18_s_resolvins
function_items	reactome_interleukin_2_signaling
function_items	reactome_interleukin_12_signaling
function_items	reactome_interleukin_1_signaling
function_items	reactome_interleukin_23_signaling
function_items	reactome_interleukin_27_signaling
function_items	reactome_interleukin_21_signaling
function_items	reactome_loss_of_mecp2_binding_ability_to_the_ncor_smrt_complex
function_items	reactome_regulation_of_mecp2_expression_and_activity
function_items	reactome_mecp2_regulates_neuronal_receptors_and_channels
function_items	reactome_mecp2_regulates_transcription_of_neuronal_ligands
function_items	reactome_mecp2_regulates_transcription_factors
function_items	reactome_activated_ntrk2_signals_through_ras
function_items	reactome_erythropoietin_activates_phosphoinositide_3_kinase_pi3k
function_items	reactome_erythropoietin_activates_phospholipase_c_gamma_plcg
function_items	reactome_erythropoietin_activates_stat5
function_items	reactome_erythropoietin_activates_ras
function_items	reactome_biosynthesis_of_maresin_like_spms
function_items	reactome_activated_ntrk2_signals_through_pi3k
function_items	reactome_activated_ntrk2_signals_through_frs2_and_frs3
function_items	reactome_activated_ntrk2_signals_through_fyn
function_items	reactome_ntrk2_activates_rac1
function_items	reactome_activated_ntrk2_signals_through_cdk5
function_items	reactome_peroxisomal_protein_import
function_items	reactome_tysnd1_cleaves_peroxisomal_proteins
function_items	reactome_blood_group_systems_biosynthesis
function_items	reactome_signaling_by_ntrk3_trkc
function_items	reactome_activated_ntrk3_signals_through_ras
function_items	reactome_interleukin_receptor_shc_signaling
function_items	reactome_nonsense_mediated_decay_nmd
function_items	reactome_traf6_mediated_nf_kb_activation
function_items	reactome_nf_kb_activation_through_fadd_rip_1_pathway_mediated_by_caspase_8_and_10
function_items	reactome_negative_regulators_of_ddx58_ifih1_signaling
function_items	reactome_irak2_mediated_activation_of_tak1_complex
function_items	reactome_trif_ticam1_mediated_tlr4_signaling
function_items	reactome_traf6_mediated_induction_of_tak1_complex_within_tlr4_complex
function_items	reactome_molybdenum_cofactor_biosynthesis
function_items	reactome_activated_ntrk3_signals_through_pi3k
function_items	reactome_class_i_peroxisomal_membrane_protein_import
function_items	reactome_negative_regulation_of_notch4_signaling
function_items	reactome_protein_localization
function_items	reactome_insertion_of_tail_anchored_proteins_into_the_endoplasmic_reticulum_membrane
function_items	reactome_assembly_and_cell_surface_presentation_of_nmda_receptors
function_items	reactome_autophagy
function_items	reactome_lipophagy
function_items	reactome_chaperone_mediated_autophagy
function_items	reactome_foxo_mediated_transcription
function_items	reactome_regulation_of_localization_of_foxo_transcription_factors
function_items	reactome_foxo_mediated_transcription_of_cell_death_genes
function_items	reactome_foxo_mediated_transcription_of_oxidative_stress_metabolic_and_neuronal_genes
function_items	reactome_microautophagy
function_items	reactome_transcriptional_regulation_of_granulopoiesis
function_items	reactome_negative_regulation_of_nmda_receptor_mediated_neuronal_transmission
function_items	reactome_regulation_of_foxo_transcriptional_activity_by_acetylation
function_items	reactome_foxo_mediated_transcription_of_cell_cycle_genes
function_items	reactome_activation_of_rac1_downstream_of_nmdars
function_items	reactome_activation_of_ampk_downstream_of_nmdars
function_items	reactome_long_term_potentiation
function_items	reactome_regulation_of_glycolysis_by_fructose_2_6_bisphosphate_metabolism
function_items	reactome_estrogen_stimulated_signaling_through_prkcz
function_items	reactome_estrogen_dependent_nuclear_events_downstream_of_esr_membrane_signaling
function_items	reactome_stat5_activation
function_items	reactome_n_glycan_trimming_and_elongation_in_the_cis_golgi
function_items	reactome_reactions_specific_to_the_complex_n_glycan_synthesis_pathway
function_items	reactome_myd88_cascade_initiated_on_plasma_membrane
function_items	reactome_nonsense_mediated_decay_nmd_independent_of_the_exon_junction_complex_ejc
function_items	reactome_amyloid_fiber_formation
function_items	reactome_serine_biosynthesis
function_items	reactome_antigen_processing:_ubiquitination_proteasome_degradation
function_items	reactome_antigen_presentation:_folding_assembly_and_peptide_loading_of_class_i_mhc
function_items	reactome_antigen_activates_b_cell_receptor_bcr_leading_to_generation_of_second_messengers
